date,open,high,low,close,volume
2026-01-30,24.0,40.29999923706055,6.050000190734863,6.420000076293945,3732400
2026-02-02,13.0,15.34000015258789,7.03000020980835,8.079999923706055,9852700
2026-02-03,7.579999923706055,7.659999847412109,5.559999942779541,5.760000228881836,1129100
2026-02-04,5.769999980926514,6.5,4.349999904632568,6.440000057220459,1146800
2026-02-05,5.860000133514404,6.25,5.369999885559082,5.550000190734863,484400
2026-02-06,5.369999885559082,5.550000190734863,4.46999979019165,4.829999923706055,517200
2026-02-09,4.730000019073486,4.849999904632568,3.4000000953674316,3.490000009536743,649800
2026-02-10,3.440000057220459,4.110000133514404,3.4000000953674316,3.5199999809265137,512400
2026-02-11,3.359999895095825,3.359999895095825,2.3499999046325684,2.619999885559082,700600
2026-02-12,2.5799999237060547,2.6500000953674316,2.2300000190734863,2.490000009536743,249700
2026-02-13,2.380000114440918,2.440000057220459,2.119999885559082,2.440000057220459,339600
2026-02-17,2.5399999618530273,3.5899999141693115,2.390000104904175,3.3299999237060547,9165400
2026-02-18,2.890000104904175,3.0999999046325684,2.680000066757202,2.9200000762939453,627500
2026-02-19,2.9100000858306885,3.4200000762939453,2.9000000953674316,2.990000009536743,743600
2026-02-20,3.049999952316284,3.130000114440918,1.9500000476837158,1.9900000095367432,4053300
2026-02-23,2.309999942779541,2.5899999141693115,2.190000057220459,2.440000057220459,9495200
2026-02-24,2.2300000190734863,2.4200000762939453,2.0999999046325684,2.2699999809265137,651800
2026-02-25,2.180000066757202,2.4200000762939453,2.1700000762939453,2.359999895095825,561500
2026-02-26,2.2200000286102295,2.4600000381469727,2.2100000381469727,2.4000000953674316,424400
2026-02-27,2.319999933242798,2.5299999713897705,2.259999990463257,2.3299999237060547,393200
2026-03-02,2.2100000381469727,2.3299999237060547,2.0299999713897705,2.0899999141693115,381100
2026-03-03,2.0199999809265137,2.109999895095825,1.8200000524520874,2.0399999618530273,438400
2026-03-04,2.0399999618530273,2.0399999618530273,1.7999999523162842,1.8799999952316284,406200
2026-03-05,1.850000023841858,2.0,1.840000033378601,1.9500000476837158,369700
2026-03-06,1.9700000286102295,2.1500000953674316,1.7999999523162842,2.0899999141693115,295900
2026-03-09,2.0399999618530273,2.1700000762939453,1.899999976158142,2.1500000953674316,278100
2026-03-10,2.1700000762939453,2.1700000762939453,1.9900000095367432,2.0,236700
2026-03-11,2.0299999713897705,2.0299999713897705,1.850000023841858,1.8700000047683716,200400
2026-03-12,1.8600000143051147,1.899999976158142,1.690000057220459,1.7100000381469727,219100
2026-03-13,1.7400000095367432,1.7599999904632568,1.399999976158142,1.4800000190734863,402600
2026-03-16,1.5299999713897705,1.7300000190734863,1.5099999904632568,1.6299999952316284,226000
2026-03-17,1.6399999856948853,1.7100000381469727,1.2200000286102295,1.2400000095367432,496600
2026-03-18,1.25,1.340000033378601,0.7200000286102295,0.7200000286102295,2047300
2026-03-19,0.7599999904632568,0.9300000071525574,0.6700000166893005,0.7799999713897705,3565000
2026-03-20,0.8700000047683716,1.0499999523162842,0.7900000214576721,0.7900000214576721,5985400
2026-03-23,0.800000011920929,0.8600000143051147,0.6899999976158142,0.8299999833106995,1355500
2026-03-24,0.8500000238418579,0.8899999856948853,0.7799999713897705,0.8199999928474426,1593300
2026-03-25,0.800000011920929,0.800000011920929,0.6600000262260437,0.6899999976158142,1194800
2026-03-26,0.6800000071525574,0.7400000095367432,0.5899999737739563,0.6100000143051147,796900
2026-03-27,0.6000000238418579,0.6600000262260437,0.5600000023841858,0.6299999952316284,459600
2026-03-30,0.6600000262260437,0.6600000262260437,0.5699999928474426,0.6200000047683716,402600
2026-03-31,0.6200000047683716,0.6299999952316284,0.5899999737739563,0.6200000047683716,277500
2026-04-01,0.6399999856948853,0.6899999976158142,0.6200000047683716,0.6499999761581421,459900
2026-04-02,0.6499999761581421,0.6899999976158142,0.6299999952316284,0.6600000262260437,239600
2026-04-06,0.6899999976158142,0.6899999976158142,0.6000000238418579,0.6000000238418579,267700
2026-04-07,0.6000000238418579,0.6200000047683716,0.5299999713897705,0.6000000238418579,494100
2026-04-08,0.6200000047683716,0.6299999952316284,0.5899999737739563,0.5899999737739563,191400
2026-04-09,0.6000000238418579,0.6200000047683716,0.5899999737739563,0.6000000238418579,151500
2026-04-10,0.550000011920929,0.6000000238418579,0.5400000214576721,0.6000000238418579,398100
2026-04-13,0.5600000023841858,0.6700000166893005,0.5600000023841858,0.6499999761581421,194300
2026-04-14,0.6399999856948853,0.6600000262260437,0.6200000047683716,0.6600000262260437,233900
2026-04-15,0.6499999761581421,0.6600000262260437,0.6399999856948853,0.6399999856948853,78400
2026-04-16,0.6299999952316284,0.7699999809265137,0.6299999952316284,0.7400000095367432,364300
2026-04-17,0.7699999809265137,0.800000011920929,0.6899999976158142,0.7799999713897705,323000
2026-04-20,0.800000011920929,0.800000011920929,0.7099999785423279,0.7200000286102295,308300
2026-04-21,0.7099999785423279,0.7200000286102295,0.6800000071525574,0.7099999785423279,105500
2026-04-22,0.7099999785423279,0.7400000095367432,0.6800000071525574,0.699999988079071,228400
2026-04-23,0.699999988079071,0.7200000286102295,0.6499999761581421,0.6899999976158142,161300
2026-04-24,0.699999988079071,0.7099999785423279,0.6800000071525574,0.7099999785423279,80500
2026-04-27,0.699999988079071,0.7200000286102295,0.6800000071525574,0.6899999976158142,155200
2026-04-28,0.699999988079071,0.699999988079071,0.6600000262260437,0.6600000262260437,175000
2026-04-29,0.6800000071525574,0.6899999976158142,0.6499999761581421,0.6600000262260437,113700
2026-04-30,0.6700000166893005,0.6899999976158142,0.6299999952316284,0.6600000262260437,104900
2026-05-01,0.6899999976158142,0.7200000286102295,0.6800000071525574,0.7099999785423279,76300
2026-05-04,0.7200000286102295,1.0199999809265137,0.6800000071525574,0.7400000095367432,9390800
2026-05-05,0.7400000095367432,0.8399999737739563,0.7400000095367432,0.8299999833106995,370300
2026-05-06,0.8199999928474426,0.8700000047683716,0.7799999713897705,0.8600000143051147,296400
2026-05-07,0.8799999952316284,1.0199999809265137,0.8500000238418579,1.0099999904632568,456800
2026-05-08,1.0199999809265137,1.2300000190734863,1.0099999904632568,1.059999942779541,739500
2026-05-11,1.0700000524520874,1.0700000524520874,0.9399999976158142,1.0099999904632568,361100
2026-05-12,0.9900000095367432,1.159999966621399,0.9599999785423279,1.0700000524520874,250200
2026-05-13,1.0800000429153442,1.0800000429153442,1.0099999904632568,1.0299999713897705,172500
2026-05-14,1.0199999809265137,1.2400000095367432,1.0,1.2200000286102295,545700
2026-05-15,1.1799999475479126,1.399999976158142,1.1799999475479126,1.2999999523162842,496700
2026-05-18,1.309999942779541,1.340000033378601,1.2000000476837158,1.2599999904632568,291900
2026-05-19,1.2400000095367432,1.2799999713897705,1.149999976158142,1.25,219300
2026-05-20,1.2300000190734863,1.3799999952316284,1.2300000190734863,1.309999942779541,169200
2026-05-21,1.2799999713897705,1.4900000095367432,1.2699999809265137,1.409999966621399,186600
2026-05-22,1.4299999475479126,1.5099999904632568,1.3700000047683716,1.4299999475479126,271500
2026-05-26,1.4299999475479126,1.4800000190734863,1.2999999523162842,1.4199999570846558,449200
2026-05-27,1.399999976158142,1.5099999904632568,1.340000033378601,1.4900000095367432,238600
2026-05-28,1.4800000190734863,1.6699999570846558,1.440000057220459,1.5800000429153442,303700
2026-05-29,1.6200000047683716,1.7999999523162842,1.6200000047683716,1.7799999713897705,391500
2026-06-01,1.7899999618530273,1.9700000286102295,1.7300000190734863,1.8899999856948853,368600
2026-06-02,1.940000057220459,1.940000057220459,1.7000000476837158,1.840000033378601,482200
2026-06-03,1.8700000047683716,1.909999966621399,1.7400000095367432,1.8799999952316284,135300
2026-06-04,1.8600000143051147,2.0299999713897705,1.850000023841858,1.9900000095367432,301300
2026-06-05,2.009999990463257,2.069999933242798,1.5700000524520874,1.6399999856948853,375500
2026-06-08,1.6799999475479126,1.7300000190734863,1.2799999713897705,1.309999942779541,473800
2026-06-09,1.3700000047683716,1.4299999475479126,1.2999999523162842,1.3300000429153442,210300
2026-06-10,1.2899999618530273,1.2899999618530273,1.1299999952316284,1.1299999952316284,700100
2026-06-11,1.100000023841858,1.2400000095367432,1.0700000524520874,1.190000057220459,263200
2026-06-12,1.2000000476837158,1.2300000190734863,1.1100000143051147,1.1299999952316284,308600
2026-06-15,1.1399999856948853,1.2799999713897705,1.1399999856948853,1.159999966621399,219700
2026-06-16,1.149999976158142,1.1699999570846558,1.0700000524520874,1.1399999856948853,129700
2026-06-17,1.149999976158142,1.309999942779541,1.1299999952316284,1.1799999475479126,151000
2026-06-18,1.190000057220459,1.2300000190734863,1.1299999952316284,1.149999976158142,91200
2026-06-22,1.2300000190734863,1.3799999952316284,1.2300000190734863,1.350000023841858,159300
2026-06-23,1.309999942779541,1.340000033378601,1.2400000095367432,1.25,71700
2026-06-24,1.25,1.340000033378601,1.2300000190734863,1.309999942779541,36600
2026-06-25,1.309999942779541,1.3200000524520874,1.2400000095367432,1.25,44600
2026-06-26,1.25,1.2799999713897705,1.149999976158142,1.190000057220459,54700
2026-06-29,1.2000000476837158,1.2300000190734863,1.0399999618530273,1.059999942779541,253400
2026-06-30,1.100000023841858,1.100000023841858,1.0,1.0499999523162842,156100
2026-07-01,1.0499999523162842,1.090000033378601,0.9599999785423279,1.0,218400
2026-07-02,0.9800000190734863,1.0399999618530273,0.8199999928474426,1.0299999713897705,250800
2026-07-06,1.0199999809265137,1.1399999856948853,1.0099999904632568,1.1100000143051147,89900
2026-07-07,1.0399999618530273,1.1100000143051147,1.0,1.0199999809265137,155600
2026-07-08,1.0,1.0800000429153442,1.0,1.0199999809265137,53600
2026-07-09,1.0199999809265137,1.1100000143051147,1.0199999809265137,1.090000033378601,77300
2026-07-10,1.0499999523162842,1.0800000429153442,1.0199999809265137,1.0199999809265137,94800
2026-07-13,1.0199999809265137,1.0499999523162842,1.0,1.0299999713897705,66400
2026-07-14,1.0199999809265137,1.0700000524520874,1.0199999809265137,1.059999942779541,44600
2026-07-15,1.0399999618530273,1.0700000524520874,1.0199999809265137,1.0399999618530273,47800
2026-07-16,1.0299999713897705,1.0299999713897705,0.9800000190734863,1.0099999904632568,95400
2026-07-17,1.0,1.059999942779541,0.9900000095367432,1.0399999618530273,39800
2026-07-20,1.0,1.0199999809265137,0.9700000286102295,0.9900000095367432,71100
