date,close,adj_close
2020-01-16,11.590000,11.590000
2020-01-17,11.630000,11.630000
2020-01-21,11.890000,11.890000
2020-01-22,11.790000,11.790000
2020-01-23,11.680000,11.680000
2020-01-24,11.680000,11.680000
2020-01-27,11.500000,11.500000
2020-01-28,11.500000,11.500000
2020-01-29,11.530000,11.530000
2020-01-30,11.600000,11.600000
2020-01-31,11.590000,11.590000
2020-02-03,11.490000,11.490000
2020-02-04,11.540000,11.540000
2020-02-05,11.500000,11.500000
2020-02-06,11.400000,11.400000
2020-02-07,11.490000,11.490000
2020-02-10,11.490000,11.490000
2020-02-11,11.440000,11.440000
2020-02-12,11.380000,11.380000
2020-02-13,11.280000,11.280000
2020-02-14,11.250000,11.250000
2020-02-18,11.210000,11.210000
2020-02-19,10.850000,10.850000
2020-02-20,11.000000,11.000000
2020-02-21,11.020000,11.020000
2020-02-24,10.870000,10.870000
2020-02-25,10.660000,10.660000
2020-02-26,10.510000,10.510000
2020-02-27,10.430000,10.430000
2020-02-28,10.200000,10.200000
2020-03-02,10.330000,10.330000
2020-03-03,10.060000,10.060000
2020-03-04,10.190000,10.190000
2020-03-05,9.950000,9.950000
2020-03-06,9.980000,9.980000
2020-03-09,9.000000,9.000000
2020-03-10,9.040000,9.040000
2020-03-11,8.450000,8.450000
2020-03-12,7.710000,7.710000
2020-03-13,8.060000,8.060000
2020-03-16,6.920000,6.920000
2020-03-17,7.180000,7.180000
2020-03-18,6.430000,6.430000
2020-03-19,6.910000,6.910000
2020-03-20,6.600000,6.600000
2020-03-23,6.420000,6.420000
2020-03-24,6.760000,6.760000
2020-03-25,6.580000,6.580000
2020-03-26,6.950000,6.950000
2020-03-27,6.760000,6.760000
2020-03-30,6.700000,6.700000
2020-03-31,6.900000,6.900000
2020-04-01,6.800000,6.800000
2020-04-02,6.820000,6.820000
2020-04-03,6.800000,6.800000
2020-04-06,6.950000,6.950000
2020-04-07,8.000000,8.000000
2020-04-08,8.490000,8.490000
2020-04-09,8.250000,8.250000
2020-04-13,8.650000,8.650000
2020-04-14,8.330000,8.330000
2020-04-15,8.090000,8.090000
2020-04-16,8.050000,8.050000
2020-04-17,8.290000,8.290000
2020-04-20,8.110000,8.110000
2020-04-21,8.290000,8.290000
2020-04-22,8.010000,8.010000
2020-04-23,7.750000,7.750000
2020-04-24,7.990000,7.990000
2020-04-27,7.880000,7.880000
2020-04-28,8.000000,8.000000
2020-04-29,8.060000,8.060000
2020-04-30,8.100000,8.100000
2020-05-01,8.050000,8.050000
2020-05-04,8.280000,8.280000
2020-05-05,8.240000,8.240000
2020-05-06,8.230000,8.230000
2020-05-07,8.250000,8.250000
2020-05-08,8.240000,8.240000
2020-05-11,8.110000,8.110000
2020-05-12,8.030000,8.030000
2020-05-13,8.030000,8.030000
2020-05-14,7.820000,7.820000
2020-05-15,8.000000,8.000000
2020-05-18,7.750000,7.750000
2020-05-19,7.870000,7.870000
2020-05-20,8.000000,8.000000
2020-05-21,8.200000,8.200000
2020-05-22,8.000000,8.000000
2020-05-26,8.150000,8.150000
2020-05-27,8.380000,8.380000
2020-05-28,8.440000,8.440000
2020-05-29,8.810000,8.810000
2020-06-01,8.580000,8.580000
2020-06-02,8.980000,8.980000
2020-06-03,9.000000,9.000000
2020-06-04,9.150000,9.150000
2020-06-05,9.460000,9.460000
2020-06-08,9.600000,9.600000
2020-06-09,9.590000,9.590000
2020-06-10,9.230000,9.230000
2020-06-11,8.540000,8.540000
2020-06-12,9.240000,9.240000
2020-06-15,9.380000,9.380000
2020-06-16,9.580000,9.580000
2020-06-17,9.640000,9.640000
2020-06-18,9.410000,9.410000
2020-06-19,8.910000,8.910000
2020-06-22,9.070000,9.070000
2020-06-23,9.160000,9.160000
2020-06-24,8.920000,8.920000
2020-06-25,8.390000,8.390000
2020-06-26,8.590000,8.590000
2020-06-29,8.610000,8.610000
2020-06-30,8.740000,8.740000
2020-07-01,8.500000,8.500000
2020-07-02,8.800000,8.800000
2020-07-06,8.930000,8.930000
2020-07-07,8.460000,8.460000
2020-07-08,8.250000,8.250000
2020-07-09,7.760000,7.760000
2020-07-10,7.650000,7.650000
2020-07-13,7.720000,7.720000
2020-07-14,7.800000,7.800000
2020-07-15,8.150000,8.150000
2020-07-16,8.350000,8.350000
2020-07-17,8.370000,8.370000
2020-07-20,8.310000,8.310000
2020-07-21,8.430000,8.430000
2020-07-22,8.200000,8.200000
2020-07-23,8.140000,8.140000
2020-07-24,7.890000,7.890000
2020-07-27,8.320000,8.320000
2020-07-28,7.940000,7.940000
2020-07-29,8.400000,8.400000
2020-07-30,7.900000,7.900000
2020-07-31,7.890000,7.890000
2020-08-03,7.750000,7.750000
2020-08-04,7.750000,7.750000
2020-08-05,8.000000,8.000000
2020-08-06,7.980000,7.980000
2020-08-07,8.000000,8.000000
2020-08-10,8.210000,8.210000
2020-08-11,7.890000,7.890000
2020-08-12,7.720000,7.720000
2020-08-13,7.750000,7.750000
2020-08-14,7.690000,7.690000
2020-08-17,7.430000,7.430000
2020-08-18,7.300000,7.300000
2020-08-19,7.300000,7.300000
2020-08-20,7.250000,7.250000
2020-08-21,7.160000,7.160000
2020-08-24,7.220000,7.220000
2020-08-25,7.290000,7.290000
2020-08-26,7.120000,7.120000
2020-08-27,7.160000,7.160000
2020-08-28,7.320000,7.320000
2020-08-31,7.070000,7.070000
2020-09-01,7.110000,7.110000
2020-09-02,7.070000,7.070000
2020-09-03,7.030000,7.030000
2020-09-04,7.300000,7.300000
2020-09-08,7.240000,7.240000
2020-09-09,7.180000,7.180000
2020-09-10,7.260000,7.260000
2020-09-11,7.750000,7.750000
2020-09-14,7.900000,7.900000
2020-09-15,7.670000,7.670000
2020-09-16,7.870000,7.870000
2020-09-17,7.900000,7.900000
2020-09-18,7.900000,7.900000
2020-09-21,7.560000,7.560000
2020-09-22,7.430000,7.430000
2020-09-23,7.260000,7.260000
2020-09-24,7.870000,7.870000
2020-09-25,7.580000,7.580000
2020-09-28,7.610000,7.610000
2020-09-29,7.700000,7.700000
2020-09-30,7.620000,7.620000
2020-10-01,7.570000,7.570000
2020-10-02,7.650000,7.650000
2020-10-05,7.750000,7.750000
2020-10-06,7.780000,7.780000
2020-10-07,7.870000,7.870000
2020-10-08,7.730000,7.730000
2020-10-09,7.840000,7.840000
2020-10-12,7.870000,7.870000
2020-10-13,7.760000,7.760000
2020-10-14,7.760000,7.760000
2020-10-15,7.820000,7.820000
2020-10-16,7.780000,7.780000
2020-10-19,7.620000,7.620000
2020-10-20,7.870000,7.870000
2020-10-21,7.870000,7.870000
2020-10-22,7.800000,7.800000
2020-10-23,7.920000,7.920000
2020-10-26,8.060000,8.060000
2020-10-27,8.000000,8.000000
2020-10-28,7.890000,7.890000
2020-10-29,7.950000,7.950000
2020-10-30,7.900000,7.900000
2020-11-02,7.950000,7.950000
2020-11-03,8.050000,8.050000
2020-11-04,7.980000,7.980000
2020-11-05,8.050000,8.050000
2020-11-06,7.950000,7.950000
2020-11-09,8.310000,8.310000
2020-11-10,8.620000,8.620000
2020-11-11,8.630000,8.630000
2020-11-12,8.530000,8.530000
2020-11-13,8.600000,8.600000
2020-11-16,8.840000,8.840000
2020-11-17,8.700000,8.700000
2020-11-18,8.560000,8.560000
2020-11-19,8.940000,8.940000
2020-11-20,8.810000,8.810000
2020-11-23,8.820000,8.820000
2020-11-24,8.890000,8.890000
2020-11-25,9.100000,9.100000
2020-11-27,8.890000,8.890000
2020-11-30,8.750000,8.750000
2020-12-01,8.680000,8.680000
2020-12-02,8.550000,8.550000
2020-12-03,8.610000,8.610000
2020-12-04,8.860000,8.860000
2020-12-07,8.950000,8.950000
2020-12-08,9.050000,9.050000
2020-12-09,9.080000,9.080000
2020-12-10,9.300000,9.300000
2020-12-11,9.190000,9.190000
2020-12-14,9.130000,9.130000
2020-12-15,9.330000,9.330000
2020-12-16,9.070000,9.070000
2020-12-17,9.140000,9.140000
2020-12-18,9.280000,9.280000
2020-12-21,9.260000,9.260000
2020-12-22,9.290000,9.290000
2020-12-23,9.300000,9.300000
2020-12-24,9.170000,9.170000
2020-12-28,9.110000,9.110000
2020-12-29,9.000000,9.000000
2020-12-30,9.100000,9.100000
2020-12-31,8.910000,8.910000
2021-01-04,8.850000,8.850000
2021-01-05,9.050000,9.050000
2021-01-06,9.260000,9.260000
2021-01-07,9.120000,9.120000
2021-01-08,9.120000,9.120000
2021-01-11,9.200000,9.200000
2021-01-12,9.170000,9.170000
2021-01-13,9.060000,9.060000
2021-01-14,8.970000,8.970000
2021-01-15,8.910000,8.910000
2021-01-19,8.950000,8.950000
2021-01-20,8.830000,8.830000
2021-01-21,8.900000,8.900000
2021-01-22,9.090000,9.090000
2021-01-25,9.040000,9.040000
2021-01-26,9.140000,9.140000
2021-01-27,8.960000,8.960000
2021-01-28,9.060000,9.060000
2021-01-29,9.070000,9.070000
2021-02-01,9.060000,9.060000
2021-02-02,9.100000,9.100000
2021-02-03,9.080000,9.080000
2021-02-04,9.110000,9.110000
2021-02-05,9.120000,9.120000
2021-02-08,9.080000,9.080000
2021-02-09,9.070000,9.070000
2021-02-10,9.060000,9.060000
2021-02-11,9.100000,9.100000
2021-02-12,9.140000,9.140000
2021-02-16,9.070000,9.070000
2021-02-17,9.040000,9.040000
2021-02-18,8.960000,8.960000
2021-02-19,9.090000,9.090000
2021-02-22,9.020000,9.020000
2021-02-23,9.000000,9.000000
2021-02-24,9.090000,9.090000
2021-02-25,9.140000,9.140000
2021-02-26,9.060000,9.060000
2021-03-01,9.170000,9.170000
2021-03-02,9.110000,9.110000
2021-03-03,9.910000,9.910000
2021-03-04,9.600000,9.600000
2021-03-05,9.890000,9.890000
2021-03-08,10.110000,10.110000
2021-03-09,10.080000,10.080000
2021-03-10,10.640000,10.640000
2021-03-11,10.680000,10.680000
2021-03-12,10.630000,10.630000
2021-03-15,10.540000,10.540000
2021-03-16,10.480000,10.480000
2021-03-17,10.510000,10.510000
2021-03-18,10.300000,10.300000
2021-03-19,10.350000,10.350000
2021-03-22,10.300000,10.300000
2021-03-23,10.350000,10.350000
2021-03-24,10.280000,10.280000
2021-03-25,10.320000,10.320000
2021-03-26,10.470000,10.470000
2021-03-29,10.270000,10.270000
2021-03-30,10.260000,10.260000
2021-03-31,10.260000,10.260000
2021-04-01,10.260000,10.260000
2021-04-05,10.250000,10.250000
2021-04-06,10.260000,10.260000
2021-04-07,9.760000,9.760000
2021-04-08,9.950000,9.950000
2021-04-09,9.990000,9.990000
2021-04-12,9.920000,9.920000
2021-04-13,9.880000,9.880000
2021-04-14,9.910000,9.910000
2021-04-15,9.920000,9.920000
2021-04-16,9.980000,9.980000
2021-04-19,9.960000,9.960000
2021-04-20,9.950000,9.950000
2021-04-21,9.940000,9.940000
2021-04-22,9.750000,9.750000
2021-04-23,9.760000,9.760000
2021-04-26,9.770000,9.770000
2021-04-27,9.760000,9.760000
2021-04-28,9.800000,9.800000
2021-04-29,9.920000,9.920000
2021-04-30,9.910000,9.910000
2021-05-03,9.980000,9.980000
2021-05-04,9.980000,9.980000
2021-05-05,9.970000,9.970000
2021-05-06,9.990000,9.990000
2021-05-07,9.970000,9.970000
2021-05-10,9.990000,9.990000
2021-05-11,10.010000,10.010000
2021-05-12,9.970000,9.970000
2021-05-13,10.080000,10.080000
2021-05-14,10.230000,10.230000
2021-05-17,10.150000,10.150000
2021-05-18,10.150000,10.150000
2021-05-19,9.910000,9.910000
2021-05-20,10.030000,10.030000
2021-05-21,10.150000,10.150000
2021-05-24,10.020000,10.020000
2021-05-25,9.990000,9.990000
2021-05-26,10.130000,10.130000
2021-05-27,10.130000,10.130000
2021-05-28,10.050000,10.050000
2021-06-01,10.050000,10.050000
2021-06-02,10.030000,10.030000
2021-06-03,10.200000,10.200000
2021-06-04,10.150000,10.150000
2021-06-07,10.060000,10.060000
2021-06-08,10.110000,10.110000
2021-06-09,10.120000,10.120000
2021-06-10,10.090000,10.090000
2021-06-11,10.030000,10.030000
2021-06-14,10.010000,10.010000
2021-06-15,10.060000,10.060000
2021-06-16,10.040000,10.040000
2021-06-17,10.030000,10.030000
2021-06-18,9.970000,9.970000
2021-06-21,10.100000,10.100000
2021-06-22,10.040000,10.040000
2021-06-23,10.140000,10.140000
2021-06-24,10.250000,10.250000
2021-06-25,10.150000,10.150000
2021-06-28,10.190000,10.190000
2021-06-29,10.210000,10.210000
2021-06-30,10.180000,10.180000
2021-07-01,10.240000,10.240000
2021-07-02,10.150000,10.150000
2021-07-06,10.180000,10.180000
2021-07-07,10.140000,10.140000
2021-07-08,10.160000,10.160000
2021-07-09,10.220000,10.220000
2021-07-12,10.190000,10.190000
2021-07-13,10.120000,10.120000
2021-07-14,10.150000,10.150000
2021-07-15,10.190000,10.190000
2021-07-16,10.200000,10.200000
2021-07-19,10.100000,10.100000
2021-07-20,10.110000,10.110000
2021-07-21,10.120000,10.120000
2021-07-22,10.130000,10.130000
2021-07-23,10.100000,10.100000
2021-07-26,10.150000,10.150000
2021-07-27,10.160000,10.160000
2021-07-28,10.150000,10.150000
2021-07-29,10.160000,10.160000
2021-07-30,10.150000,10.150000
2021-08-02,10.180000,10.180000
2021-08-03,10.150000,10.150000
2021-08-04,10.600000,10.600000
2021-08-05,10.430000,10.430000
2021-08-06,10.390000,10.390000
2021-08-09,10.160000,10.160000
2021-08-10,10.610000,10.610000
2021-08-11,10.490000,10.490000
2021-08-12,10.490000,10.490000
2021-08-13,10.450000,10.450000
2021-08-16,10.500000,10.500000
2021-08-17,10.380000,10.380000
2021-08-18,10.350000,10.350000
2021-08-19,10.340000,10.340000
2021-08-20,10.350000,10.350000
2021-08-23,10.360000,10.360000
2021-08-24,10.330000,10.330000
2021-08-25,10.440000,10.440000
2021-08-26,10.470000,10.470000
2021-08-27,10.380000,10.380000
2021-08-30,10.450000,10.450000
2021-08-31,10.400000,10.400000
2021-09-01,10.500000,10.500000
2021-09-02,10.450000,10.450000
2021-09-03,10.550000,10.550000
2021-09-07,10.400000,10.400000
2021-09-08,10.400000,10.400000
2021-09-09,10.400000,10.400000
2021-09-10,10.320000,10.320000
2021-09-13,10.400000,10.400000
2021-09-14,10.250000,10.250000
2021-09-15,10.340000,10.340000
2021-09-16,10.400000,10.400000
2021-09-17,10.880000,10.880000
2021-09-20,10.450000,10.450000
2021-09-21,10.720000,10.720000
2021-09-23,10.400000,10.400000
2021-09-24,10.640000,10.640000
2021-09-27,10.680000,10.680000
2021-09-28,10.440000,10.440000
2021-09-29,10.520000,10.520000
2021-09-30,10.310000,10.310000
2021-10-01,10.360000,10.360000
2021-10-04,10.450000,10.450000
2021-10-05,10.360000,10.360000
2021-10-06,10.540000,10.540000
2021-10-11,10.280000,10.280000
2021-10-12,10.400000,10.400000
2021-10-13,10.300000,10.300000
2021-10-14,10.440000,10.440000
2021-10-15,10.330000,10.330000
2021-10-18,10.360000,10.360000
2021-10-19,10.310000,10.310000
2021-10-20,10.370000,10.370000
2021-10-21,10.370000,10.370000
2021-10-22,10.360000,10.360000
2021-10-25,10.300000,10.300000
2021-10-26,10.320000,10.320000
2021-10-27,10.300000,10.300000
2021-10-28,10.200000,10.200000
2021-10-29,10.200000,10.200000
2021-11-01,10.200000,10.200000
2021-11-02,10.250000,10.250000
2021-11-03,10.200000,10.200000
2021-11-04,10.180000,10.180000
2021-11-05,10.170000,10.170000
2021-11-08,10.160000,10.160000
2021-11-09,10.170000,10.170000
2021-11-10,10.160000,10.160000
2021-11-12,10.150000,10.150000
2021-11-15,10.190000,10.190000
2021-11-17,10.180000,10.180000
2021-11-18,10.130000,10.130000
2021-11-19,10.150000,10.150000
2021-11-23,10.180000,10.180000
2021-11-29,10.180000,10.180000
2021-11-30,10.120000,10.120000
2021-12-01,10.130000,10.130000
2021-12-02,10.330000,10.330000
2021-12-03,10.170000,10.170000
2021-12-06,10.230000,10.230000
2021-12-07,10.250000,10.250000
2021-12-08,10.150000,10.150000
2021-12-09,10.290000,10.290000
2021-12-10,10.270000,10.270000
2021-12-13,10.180000,10.180000
2021-12-15,10.200000,10.200000
2021-12-17,10.190000,10.190000
2021-12-20,10.190000,10.190000
2021-12-21,10.190000,10.190000
2021-12-23,10.280000,10.280000
2021-12-27,10.220000,10.220000
2021-12-30,10.200000,10.200000
2021-12-31,10.180000,10.180000
2022-01-03,10.110000,10.110000
2022-01-04,10.100000,10.100000
2022-01-05,10.090000,10.090000
2022-01-07,10.050000,10.050000
2022-01-10,10.100000,10.100000
2022-01-11,10.100000,10.100000
2022-01-12,10.080000,10.080000
2022-01-13,10.010000,10.010000
2022-01-14,10.100000,10.100000
2022-01-18,10.020000,10.020000
2022-01-19,10.100000,10.100000
2022-01-20,10.040000,10.040000
2022-01-21,10.020000,10.020000
2022-01-24,10.000000,10.000000
2022-01-25,10.090000,10.090000
2022-01-27,9.950000,9.950000
2022-01-28,9.990000,9.990000
2022-01-31,9.960000,9.960000
2022-02-01,10.000000,10.000000
2022-02-03,10.100000,10.100000
2022-02-04,10.100000,10.100000
2022-02-07,10.110000,10.110000
2022-02-10,10.150000,10.150000
2022-02-11,10.350000,10.350000
2022-02-14,10.230000,10.230000
2022-02-17,10.170000,10.170000
2022-02-18,10.210000,10.210000
2022-02-22,10.300000,10.300000
2022-02-24,10.300000,10.300000
2022-02-25,10.360000,10.360000
2022-02-28,10.350000,10.350000
2022-03-01,10.370000,10.370000
2022-03-02,10.350000,10.350000
2022-03-04,10.350000,10.350000
2022-03-07,10.400000,10.400000
2022-03-08,10.280000,10.280000
2022-03-09,10.390000,10.390000
2022-03-10,10.400000,10.400000
2022-03-11,10.400000,10.400000
2022-03-14,10.410000,10.410000
2022-03-15,10.410000,10.410000
2022-03-16,10.410000,10.410000
2022-03-17,10.450000,10.450000
2022-03-18,10.710000,10.710000
2022-03-21,10.660000,10.660000
2022-03-22,10.700000,10.700000
2022-03-23,10.740000,10.740000
2022-03-25,10.720000,10.720000
2022-03-29,10.660000,10.660000
2022-03-30,10.790000,10.790000
2022-03-31,10.720000,10.720000
2022-04-01,10.720000,10.720000
2022-04-05,10.800000,10.800000
2022-04-06,10.800000,10.800000
2022-04-07,10.900000,10.900000
2022-04-08,10.810000,10.810000
2022-04-11,10.800000,10.800000
2022-04-12,10.740000,10.740000
2022-04-13,10.750000,10.750000
2022-04-14,10.780000,10.780000
2022-04-18,10.710000,10.710000
2022-04-19,10.760000,10.760000
2022-04-21,10.720000,10.720000
2022-04-22,10.750000,10.750000
2022-04-26,10.750000,10.750000
2022-04-27,10.750000,10.750000
2022-04-28,10.800000,10.800000
2022-04-29,10.800000,10.800000
2022-05-02,10.800000,10.800000
2022-05-03,10.810000,10.810000
2022-05-04,10.820000,10.820000
2022-05-05,10.900000,10.900000
2022-05-06,10.770000,10.770000
2022-05-09,10.800000,10.800000
2022-05-10,10.850000,10.850000
2022-05-11,10.750000,10.750000
2022-05-12,10.800000,10.800000
2022-05-13,10.760000,10.760000
2022-05-16,10.780000,10.780000
2022-05-17,10.840000,10.840000
2022-05-18,10.780000,10.780000
2022-05-19,10.790000,10.790000
2022-05-20,10.800000,10.800000
2022-05-23,10.770000,10.770000
2022-05-24,10.770000,10.770000
2022-05-25,10.780000,10.780000
2022-05-26,11.100000,11.100000
2022-05-27,11.120000,11.120000
2022-05-31,11.150000,11.150000
2022-06-01,11.200000,11.200000
2022-06-02,11.270000,11.270000
2022-06-03,11.250000,11.250000
2022-06-06,11.250000,11.250000
2022-06-07,11.230000,11.230000
2022-06-08,11.230000,11.230000
2022-06-09,11.230000,11.230000
2022-06-10,11.200000,11.200000
2022-06-13,11.160000,11.160000
2022-06-14,11.110000,11.110000
2022-06-15,11.100000,11.100000
2022-06-16,11.100000,11.100000
2022-06-17,11.230000,11.230000
2022-06-21,11.160000,11.160000
2022-06-22,11.170000,11.170000
2022-06-23,11.140000,11.140000
2022-06-24,11.150000,11.150000
2022-06-27,11.110000,11.110000
2022-06-28,11.170000,11.170000
2022-06-29,11.170000,11.170000
2022-06-30,11.210000,11.210000
2022-07-01,11.170000,11.170000
2022-07-05,11.190000,11.190000
2022-07-06,11.160000,11.160000
2022-07-07,11.120000,11.120000
2022-07-08,11.140000,11.140000
2022-07-11,11.150000,11.150000
2022-07-14,11.160000,11.160000
2022-07-15,11.160000,11.160000
2022-07-18,11.120000,11.120000
2022-07-19,11.110000,11.110000
2022-07-20,11.110000,11.110000
2022-07-21,11.120000,11.120000
2022-07-22,11.050000,11.050000
2022-07-25,11.090000,11.090000
2022-07-26,11.070000,11.070000
2022-07-27,11.120000,11.120000
2022-07-28,11.120000,11.120000
2022-07-29,11.070000,11.070000
2022-08-01,11.080000,11.080000
2022-08-02,11.060000,11.060000
2022-08-03,11.070000,11.070000
2022-08-05,11.080000,11.080000
2022-08-08,11.020000,11.020000
2022-08-09,11.020000,11.020000
2022-08-10,11.090000,11.090000
2022-08-11,11.120000,11.120000
2022-08-15,11.090000,11.090000
2022-08-16,11.090000,11.090000
2022-08-17,11.100000,11.100000
2022-08-18,11.060000,11.060000
2022-08-19,11.060000,11.060000
2022-08-22,11.020000,11.020000
2022-08-23,11.050000,11.050000
2022-08-24,11.100000,11.100000
2022-08-25,11.020000,11.020000
2022-08-26,11.010000,11.010000
2022-08-29,11.010000,11.010000
2022-08-30,11.050000,11.050000
2022-08-31,11.030000,11.030000
2022-09-01,11.010000,11.010000
2022-09-02,11.010000,11.010000
2022-09-07,11.020000,11.020000
2022-09-08,10.960000,10.960000
2022-09-09,11.100000,11.100000
2022-09-12,11.020000,11.020000
2022-09-13,11.090000,11.090000
2022-09-14,11.020000,11.020000
2022-09-15,11.070000,11.070000
2022-09-16,11.090000,11.090000
2022-09-19,11.090000,11.090000
2022-09-20,11.090000,11.090000
2022-09-21,11.050000,11.050000
2022-09-22,11.040000,11.040000
2022-09-23,11.020000,11.020000
2022-09-26,11.080000,11.080000
2022-09-27,11.100000,11.100000
2022-09-28,11.050000,11.050000
2022-09-29,11.060000,11.060000
2022-09-30,11.020000,11.020000
2022-10-03,11.080000,11.080000
2022-10-04,11.160000,11.160000
2022-10-05,11.180000,11.180000
2022-10-06,11.160000,11.160000
2022-10-07,11.150000,11.150000
2022-10-10,11.150000,11.150000
2022-10-11,11.130000,11.130000
2022-10-12,11.140000,11.140000
2022-10-13,11.150000,11.150000
2022-10-14,11.160000,11.160000
2022-10-17,11.170000,11.170000
2022-10-18,11.150000,11.150000
2022-10-19,11.150000,11.150000
2022-10-20,11.140000,11.140000
2022-10-21,11.150000,11.150000
2022-10-24,11.170000,11.170000
2022-10-25,11.160000,11.160000
2022-10-26,11.170000,11.170000
2022-10-27,11.170000,11.170000
2022-10-28,11.160000,11.160000
2022-10-31,11.210000,11.210000
2022-11-02,11.200000,11.200000
2022-11-03,11.200000,11.200000
2022-11-04,11.240000,11.240000
2022-11-07,11.200000,11.200000
2022-11-08,11.200000,11.200000
2022-11-10,11.220000,11.220000
2022-11-11,11.230000,11.230000
2022-11-14,11.230000,11.230000
2022-11-15,11.230000,11.230000
2022-11-16,11.230000,11.230000
2022-11-17,11.300000,11.300000
2022-11-18,11.400000,11.400000
2022-11-21,11.350000,11.350000
2022-11-22,11.310000,11.310000
2022-11-23,11.270000,11.270000
2022-11-25,11.350000,11.350000
2022-11-28,11.430000,11.430000
2022-11-29,11.410000,11.410000
2022-11-30,11.420000,11.420000
2022-12-01,11.400000,11.400000
2022-12-02,11.400000,11.400000
2022-12-05,11.360000,11.360000
2022-12-06,11.390000,11.390000
2022-12-08,11.420000,11.420000
2022-12-09,11.430000,11.430000
2022-12-12,11.480000,11.480000
2022-12-13,11.530000,11.530000
2022-12-14,11.130000,11.130000
2022-12-15,11.530000,11.530000
2022-12-16,11.530000,11.530000
2022-12-19,11.530000,11.530000
2022-12-20,11.510000,11.510000
2022-12-21,11.480000,11.480000
2022-12-22,11.480000,11.480000
2022-12-23,11.490000,11.490000
2022-12-27,11.500000,11.500000
2022-12-28,11.340000,11.340000
2022-12-29,11.480000,11.480000
2022-12-30,11.180000,11.180000
2023-01-03,11.350000,11.350000
2023-01-04,11.380000,11.380000
2023-01-05,11.450000,11.450000
2023-01-06,11.520000,11.520000
2023-01-09,11.470000,11.470000
2023-01-10,11.550000,11.550000
2023-01-11,11.550000,11.550000
2023-01-12,11.540000,11.540000
2023-01-13,11.580000,11.580000
2023-01-17,11.520000,11.520000
2023-01-18,11.540000,11.540000
2023-01-19,11.510000,11.510000
2023-01-20,11.550000,11.550000
2023-01-23,11.600000,11.600000
2023-01-24,11.510000,11.510000
2023-01-26,11.600000,11.600000
2023-01-30,11.450000,11.450000
2023-01-31,11.430000,11.430000
2023-02-01,11.470000,11.470000
2023-02-02,11.420000,11.420000
2023-02-03,11.430000,11.430000
2023-02-06,11.400000,11.400000
2023-02-08,11.420000,11.420000
2023-02-10,11.540000,11.540000
2023-02-13,11.450000,11.450000
2023-02-14,11.320000,11.320000
2023-02-15,11.350000,11.350000
2023-02-16,11.270000,11.270000
2023-02-21,11.220000,11.220000
2023-02-22,11.350000,11.350000
2023-02-23,11.400000,11.400000
2023-02-24,11.480000,11.480000
2023-02-27,11.450000,11.450000
2023-02-28,11.500000,11.500000
2023-03-01,11.450000,11.450000
2023-03-02,11.600000,11.600000
2023-03-07,11.500000,11.500000
2023-03-08,11.400000,11.400000
2023-03-09,11.350000,11.350000
2023-03-10,11.350000,11.350000
2023-03-14,10.930000,10.930000
2023-03-15,10.650000,10.650000
2023-03-16,10.550000,10.550000
2023-03-17,10.470000,10.470000
2023-03-20,10.400000,10.400000
2023-03-21,10.400000,10.400000
2023-03-22,10.100000,10.100000
2023-03-23,10.100000,10.100000
2023-03-24,10.360000,10.360000
2023-03-27,10.120000,10.120000
2023-03-28,10.130000,10.130000
2023-03-29,10.210000,10.210000
2023-03-31,10.000000,10.000000
2023-04-03,10.000000,10.000000
2023-04-04,9.930000,9.930000
2023-04-05,9.860000,9.860000
2023-04-06,9.910000,9.910000
2023-04-10,9.980000,9.980000
2023-04-11,9.920000,9.920000
2023-04-12,8.980000,8.980000
2023-04-13,9.000000,9.000000
2023-04-14,9.050000,9.050000
2023-04-17,9.070000,9.070000
2023-04-18,9.000000,9.000000
2023-04-19,8.800000,8.800000
2023-04-20,8.750000,8.750000
2023-04-21,8.740000,8.740000
2023-04-24,8.660000,8.660000
2023-04-25,8.520000,8.520000
2023-04-26,8.710000,8.710000
2023-04-27,8.700000,8.700000
2023-04-28,8.750000,8.750000
2023-05-01,8.680000,8.680000
2023-05-02,8.400000,8.400000
2023-05-03,8.250000,8.250000
2023-05-04,8.380000,8.380000
2023-05-05,8.220000,8.220000
2023-05-08,8.210000,8.210000
2023-05-09,8.100000,8.100000
2023-05-10,8.110000,8.110000
2023-05-11,8.240000,8.240000
2023-05-12,8.100000,8.100000
2023-05-15,8.030000,8.030000
2023-05-16,8.090000,8.090000
2023-05-17,8.070000,8.070000
2023-05-18,8.120000,8.120000
2023-05-19,8.000000,8.000000
2023-05-22,7.850000,7.850000
2023-05-24,7.800000,7.800000
2023-05-25,8.000000,8.000000
2023-05-26,8.010000,8.010000
2023-05-30,8.000000,8.000000
2023-05-31,7.900000,7.900000
2023-06-01,7.750000,7.750000
2023-06-02,7.660000,7.660000
2023-06-05,7.820000,7.820000
2023-06-06,7.970000,7.970000
2023-06-07,7.970000,7.970000
2023-06-08,8.260000,8.260000
2023-06-09,8.030000,8.030000
2023-06-12,8.120000,8.120000
2023-06-13,8.130000,8.130000
2023-06-14,8.090000,8.090000
2023-06-15,8.240000,8.240000
2023-06-16,8.420000,8.420000
2023-06-20,8.330000,8.330000
2023-06-21,8.250000,8.250000
2023-06-22,8.230000,8.230000
2023-06-23,8.120000,8.120000
2023-06-26,8.080000,8.080000
2023-06-27,8.180000,8.180000
2023-06-28,8.000000,8.000000
2023-06-30,8.160000,8.160000
2023-07-03,8.330000,8.330000
2023-07-05,8.220000,8.220000
2023-07-06,8.320000,8.320000
2023-07-07,8.440000,8.440000
2023-07-10,8.320000,8.320000
2023-07-11,8.280000,8.280000
2023-07-12,8.310000,8.310000
2023-07-13,8.300000,8.300000
2023-07-14,8.250000,8.250000
2023-07-17,8.210000,8.210000
2023-07-18,8.490000,8.490000
2023-07-19,8.480000,8.480000
2023-07-20,8.480000,8.480000
2023-07-21,8.210000,8.210000
2023-07-24,8.210000,8.210000
2023-07-25,8.210000,8.210000
2023-07-26,8.350000,8.350000
2023-07-27,8.280000,8.280000
2023-07-28,8.390000,8.390000
2023-07-31,8.330000,8.330000
2023-08-01,8.480000,8.480000
2023-08-02,8.540000,8.540000
2023-08-03,8.510000,8.510000
2023-08-04,8.530000,8.530000
2023-08-07,8.350000,8.350000
2023-08-08,8.400000,8.400000
2023-08-09,8.560000,8.560000
2023-08-10,8.310000,8.310000
2023-08-11,8.280000,8.280000
2023-08-14,8.290000,8.290000
2023-08-15,8.130000,8.130000
2023-08-16,8.130000,8.130000
2023-08-17,8.180000,8.180000
2023-08-18,8.190000,8.190000
2023-08-21,8.130000,8.130000
2023-08-22,8.030000,8.030000
2023-08-23,7.900000,7.900000
2023-08-24,7.700000,7.700000
2023-08-25,7.750000,7.750000
2023-08-28,7.760000,7.760000
2023-08-29,7.620000,7.620000
2023-08-30,7.500000,7.500000
2023-08-31,7.500000,7.500000
2023-09-01,7.460000,7.460000
2023-09-05,7.340000,7.340000
2023-09-06,7.420000,7.420000
2023-09-07,7.350000,7.350000
2023-09-08,7.350000,7.350000
2023-09-11,7.400000,7.400000
2023-09-12,7.320000,7.320000
2023-09-13,7.200000,7.200000
2023-09-14,7.180000,7.180000
2023-09-15,7.330000,7.330000
2023-09-18,7.200000,7.200000
2023-09-19,7.340000,7.340000
2023-09-20,7.380000,7.380000
2023-09-21,7.320000,7.320000
2023-09-22,7.400000,7.400000
2023-09-25,7.210000,7.210000
2023-09-26,7.380000,7.380000
2023-09-27,7.230000,7.230000
2023-09-28,7.220000,7.220000
2023-09-29,7.390000,7.390000
2023-10-02,7.350000,7.350000
2023-10-03,7.140000,7.140000
2023-10-04,7.360000,7.360000
2023-10-05,7.310000,7.310000
2023-10-06,7.390000,7.390000
2023-10-09,7.480000,7.480000
2023-10-10,7.400000,7.400000
2023-10-11,7.370000,7.370000
2023-10-12,7.380000,7.380000
2023-10-13,7.430000,7.430000
2023-10-16,7.270000,7.270000
2023-10-17,7.120000,7.120000
2023-10-18,7.170000,7.170000
2023-10-19,7.430000,7.430000
2023-10-20,7.390000,7.390000
2023-10-23,7.380000,7.380000
2023-10-24,7.430000,7.430000
2023-10-26,7.340000,7.340000
2023-10-27,7.140000,7.140000
2023-10-30,7.200000,7.200000
2023-10-31,7.380000,7.380000
2023-11-01,7.250000,7.250000
2023-11-02,7.110000,7.110000
2023-11-03,7.170000,7.170000
2023-11-06,7.450000,7.450000
2023-11-07,7.110000,7.110000
2023-11-08,7.050000,7.050000
2023-11-09,7.020000,7.020000
2023-11-10,7.080000,7.080000
2023-11-13,7.080000,7.080000
2023-11-14,6.980000,6.980000
2023-11-15,6.950000,6.950000
2023-11-16,6.950000,6.950000
2023-11-20,7.130000,7.130000
2023-11-21,7.120000,7.120000
2023-11-22,6.950000,6.950000
2023-11-24,6.920000,6.920000
2023-11-27,6.910000,6.910000
2023-11-28,7.100000,7.100000
2023-11-29,6.950000,6.950000
2023-11-30,6.810000,6.810000
2023-12-01,6.990000,6.990000
2023-12-04,6.900000,6.900000
2023-12-05,6.920000,6.920000
2023-12-06,6.880000,6.880000
2023-12-07,6.900000,6.900000
2023-12-08,6.900000,6.900000
2023-12-11,6.990000,6.990000
2023-12-12,6.660000,6.660000
2023-12-13,7.030000,7.030000
2023-12-14,7.600000,7.600000
2023-12-15,7.650000,7.650000
2023-12-18,7.650000,7.650000
2023-12-19,8.330000,8.330000
2023-12-20,7.960000,7.960000
2023-12-21,7.920000,7.920000
2023-12-22,8.340000,8.340000
2023-12-26,8.150000,8.150000
2023-12-27,8.100000,8.100000
2023-12-28,8.040000,8.040000
2023-12-29,8.050000,8.050000
2024-01-02,8.180000,8.180000
2024-01-03,8.180000,8.180000
2024-01-04,8.180000,8.180000
2024-01-05,8.180000,8.180000
2024-01-08,8.170000,8.170000
2024-01-10,8.250000,8.250000
2024-01-11,8.030000,8.030000
2024-01-12,8.180000,8.180000
2024-01-16,8.220000,8.220000
2024-01-17,8.250000,8.250000
2024-01-18,8.270000,8.270000
2024-01-19,8.270000,8.270000
2024-01-22,8.170000,8.170000
2024-01-23,8.270000,8.270000
2024-01-24,8.200000,8.200000
2024-01-25,8.250000,8.250000
2024-01-26,8.200000,8.200000
2024-01-30,8.200000,8.200000
2024-01-31,8.050000,8.050000
2024-02-02,8.140000,8.140000
2024-02-05,8.080000,8.080000
2024-02-06,8.240000,8.240000
2024-02-07,8.200000,8.200000
2024-02-08,8.010000,8.010000
2024-02-09,7.940000,7.940000
2024-02-12,7.910000,7.910000
2024-02-13,7.800000,7.800000
2024-02-14,7.910000,7.910000
2024-02-15,7.760000,7.760000
2024-02-16,7.780000,7.780000
2024-02-20,7.620000,7.620000
2024-02-23,7.870000,7.870000
2024-02-27,7.780000,7.780000
2024-02-28,7.780000,7.780000
2024-02-29,7.800000,7.800000
2024-03-01,7.710000,7.710000
2024-03-04,7.700000,7.700000
2024-03-05,7.600000,7.600000
2024-03-06,7.500000,7.500000
2024-03-07,7.400000,7.400000
2024-03-08,7.400000,7.400000
2024-03-11,7.400000,7.400000
2024-03-12,7.320000,7.320000
2024-03-13,7.360000,7.360000
2024-03-14,7.300000,7.300000
2024-03-15,7.300000,7.300000
2024-03-18,7.140000,7.140000
2024-03-19,7.160000,7.160000
2024-03-21,7.130000,7.130000
2024-03-22,7.370000,7.370000
2024-03-25,7.110000,7.110000
2024-03-26,7.060000,7.060000
2024-03-28,7.080000,7.080000
2024-04-01,7.000000,7.000000
2024-04-02,7.240000,7.240000
2024-04-03,6.820000,6.820000
2024-04-04,6.850000,6.850000
2024-04-05,6.870000,6.870000
2024-04-08,6.810000,6.810000
2024-04-09,6.840000,6.840000
2024-04-10,6.690000,6.690000
2024-04-11,6.560000,6.560000
2024-04-12,6.560000,6.560000
2024-04-15,6.700000,6.700000
2024-04-16,6.710000,6.710000
2024-04-17,6.710000,6.710000
2024-04-18,6.710000,6.710000
2024-04-19,6.800000,6.800000
2024-04-22,6.650000,6.650000
2024-04-23,6.740000,6.740000
2024-04-24,6.810000,6.810000
2024-04-25,6.760000,6.760000
2024-04-26,6.900000,6.900000
2024-04-29,6.770000,6.770000
2024-04-30,6.700000,6.700000
2024-05-01,6.800000,6.800000
2024-05-02,6.770000,6.770000
2024-05-03,6.600000,6.600000
2024-05-06,6.550000,6.550000
2024-05-07,6.610000,6.610000
2024-05-08,6.610000,6.610000
2024-05-09,6.740000,6.740000
2024-05-10,6.790000,6.790000
2024-05-13,6.750000,6.750000
2024-05-14,6.730000,6.730000
2024-05-15,6.740000,6.740000
2024-05-16,6.800000,6.800000
2024-05-17,6.730000,6.730000
2024-05-20,6.750000,6.750000
2024-05-21,6.830000,6.830000
2024-05-22,6.830000,6.830000
2024-05-23,6.770000,6.770000
2024-05-24,6.950000,6.950000
2024-05-28,6.770000,6.770000
2024-05-29,6.740000,6.740000
2024-05-30,6.650000,6.650000
2024-05-31,6.710000,6.710000
2024-06-03,6.880000,6.880000
2024-06-04,6.730000,6.730000
2024-06-05,6.700000,6.700000
2024-06-06,6.720000,6.720000
2024-06-07,6.820000,6.820000
2024-06-10,6.670000,6.670000
2024-06-11,6.860000,6.860000
2024-06-12,6.700000,6.700000
2024-06-13,6.720000,6.720000
2024-06-14,6.700000,6.700000
2024-06-17,6.930000,6.930000
2024-06-18,6.700000,6.700000
2024-06-20,6.590000,6.590000
2024-06-21,6.860000,6.860000
2024-06-24,6.830000,6.830000
2024-06-25,6.540000,6.540000
2024-06-26,6.700000,6.700000
2024-06-27,6.690000,6.690000
2024-06-28,6.730000,6.730000
2024-07-01,6.730000,6.730000
2024-07-02,6.650000,6.650000
2024-07-03,6.780000,6.780000
2024-07-05,6.740000,6.740000
2024-07-08,6.750000,6.750000
2024-07-09,6.800000,6.800000
2024-07-10,6.890000,6.890000
2024-07-11,6.760000,6.760000
2024-07-12,6.930000,6.930000
2024-07-15,7.100000,7.100000
2024-07-16,7.250000,7.250000
2024-07-17,7.310000,7.310000
2024-07-18,7.310000,7.310000
2024-07-19,7.310000,7.310000
2024-07-22,7.460000,7.460000
2024-07-23,7.450000,7.450000
2024-07-24,7.320000,7.320000
2024-07-25,7.370000,7.370000
2024-07-26,7.480000,7.480000
2024-07-29,7.360000,7.360000
2024-07-30,7.150000,7.150000
2024-07-31,7.370000,7.370000
2024-08-02,7.340000,7.340000
2024-08-05,7.100000,7.100000
2024-08-06,7.270000,7.270000
2024-08-07,7.350000,7.350000
2024-08-08,7.340000,7.340000
2024-08-09,7.040000,7.040000
2024-08-12,7.340000,7.340000
2024-08-13,7.250000,7.250000
2024-08-14,7.300000,7.300000
2024-08-15,7.170000,7.170000
2024-08-16,7.120000,7.120000
2024-08-19,7.200000,7.200000
2024-08-20,7.300000,7.300000
2024-08-21,7.020000,7.020000
2024-08-22,7.300000,7.300000
2024-08-23,7.350000,7.350000
2024-08-26,7.290000,7.290000
2024-08-27,7.260000,7.260000
2024-08-28,7.350000,7.350000
2024-08-29,7.380000,7.380000
2024-08-30,7.500000,7.500000
2024-09-03,7.440000,7.440000
2024-09-04,7.400000,7.400000
2024-09-05,7.480000,7.480000
2024-09-06,7.390000,7.390000
2024-09-09,7.330000,7.330000
2024-09-10,7.580000,7.580000
2024-09-11,7.190000,7.190000
2024-09-12,7.190000,7.190000
2024-09-13,7.200000,7.200000
2024-09-16,7.540000,7.540000
2024-09-17,7.300000,7.300000
2024-09-18,7.620000,7.620000
2024-09-19,7.750000,7.750000
2024-09-20,8.420000,8.420000
2024-09-23,8.340000,8.340000
2024-09-24,8.570000,8.570000
2024-09-25,8.350000,8.350000
2024-09-26,8.120000,8.120000
2024-09-27,8.160000,8.160000
2024-09-30,8.290000,8.290000
2024-10-01,8.310000,8.310000
2024-10-02,8.230000,8.230000
2024-10-03,8.030000,8.030000
2024-10-04,8.060000,8.060000
2024-10-07,8.000000,8.000000
2024-10-08,7.980000,7.980000
2024-10-09,8.070000,8.070000
2024-10-10,8.080000,8.080000
2024-10-11,8.230000,8.230000
2024-10-14,8.350000,8.350000
2024-10-15,8.330000,8.330000
2024-10-16,8.280000,8.280000
2024-10-17,8.330000,8.330000
2024-10-18,8.040000,8.040000
2024-10-21,8.280000,8.280000
2024-10-22,8.080000,8.080000
2024-10-23,8.000000,8.000000
2024-10-24,8.050000,8.050000
2024-10-25,8.100000,8.100000
2024-10-28,8.060000,8.060000
2024-10-29,8.390000,8.390000
2024-10-30,7.950000,7.950000
2024-10-31,8.080000,8.080000
2024-11-01,8.320000,8.320000
2024-11-04,8.040000,8.040000
2024-11-05,7.940000,7.940000
2024-11-06,8.250000,8.250000
2024-11-07,8.050000,8.050000
2024-11-08,8.050000,8.050000
2024-11-11,8.060000,8.060000
2024-11-12,8.140000,8.140000
2024-11-13,8.080000,8.080000
2024-11-14,8.050000,8.050000
2024-11-15,8.200000,8.200000
2024-11-18,8.000000,8.000000
2024-11-19,8.060000,8.060000
2024-11-20,7.900000,7.900000
2024-11-21,8.000000,8.000000
2024-11-22,8.210000,8.210000
2024-11-25,8.120000,8.120000
2024-11-26,8.220000,8.220000
2024-11-27,8.010000,8.010000
2024-11-29,8.130000,8.130000
2024-12-02,8.060000,8.060000
2024-12-03,8.100000,8.100000
2024-12-04,8.060000,8.060000
2024-12-05,8.110000,8.110000
2024-12-06,8.220000,8.220000
2024-12-09,8.250000,8.250000
2024-12-10,8.200000,8.200000
2024-12-11,7.980000,7.980000
2024-12-12,8.080000,8.080000
2024-12-13,7.950000,7.950000
2024-12-16,7.800000,7.800000
2024-12-17,8.000000,8.000000
2024-12-18,7.670000,7.670000
2024-12-19,7.730000,7.730000
2024-12-20,7.920000,7.920000
2024-12-23,7.900000,7.900000
2024-12-26,7.660000,7.660000
2024-12-27,7.570000,7.570000
2024-12-30,7.530000,7.530000
2024-12-31,7.500000,7.500000
2025-01-02,7.500000,7.500000
2025-01-03,7.600000,7.600000
2025-01-06,7.540000,7.540000
2025-01-07,7.670000,7.670000
2025-01-08,7.870000,7.870000
2025-01-10,7.960000,7.960000
2025-01-13,7.850000,7.850000
2025-01-14,7.900000,7.900000
2025-01-15,7.870000,7.870000
2025-01-16,7.940000,7.940000
2025-01-17,7.800000,7.800000
2025-01-21,7.960000,7.960000
2025-01-22,7.700000,7.700000
2025-01-23,8.000000,8.000000
2025-01-24,8.000000,8.000000
2025-01-27,8.000000,8.000000
2025-01-28,7.860000,7.860000
2025-01-29,7.990000,7.990000
2025-01-30,7.810000,7.810000
2025-01-31,7.690000,7.690000
2025-02-03,7.790000,7.790000
2025-02-04,7.900000,7.900000
2025-02-05,7.820000,7.820000
2025-02-06,7.940000,7.940000
2025-02-07,7.940000,7.940000
2025-02-10,7.920000,7.920000
2025-02-11,7.940000,7.940000
2025-02-12,7.760000,7.760000
2025-02-13,7.830000,7.830000
2025-02-14,7.950000,7.950000
2025-02-18,7.760000,7.760000
2025-02-19,8.050000,8.050000
2025-02-20,8.040000,8.040000
2025-02-21,7.940000,7.940000
2025-02-24,7.850000,7.850000
2025-02-25,7.920000,7.920000
2025-02-26,7.930000,7.930000
2025-02-27,7.950000,7.950000
2025-02-28,7.960000,7.960000
2025-03-03,7.820000,7.820000
2025-03-04,7.890000,7.890000
2025-03-05,7.910000,7.910000
2025-03-06,7.990000,7.990000
2025-03-07,8.000000,8.000000
2025-03-10,7.810000,7.810000
2025-03-11,7.800000,7.800000
2025-03-12,7.640000,7.640000
2025-03-13,7.620000,7.620000
2025-03-14,7.830000,7.830000
2025-03-17,7.660000,7.660000
2025-03-18,7.690000,7.690000
2025-03-19,7.800000,7.800000
2025-03-20,7.730000,7.730000
2025-03-21,7.760000,7.760000
2025-03-24,7.710000,7.710000
2025-03-25,7.630000,7.630000
2025-03-26,7.550000,7.550000
2025-03-27,7.680000,7.680000
2025-03-28,7.690000,7.690000
2025-03-31,7.660000,7.660000
2025-04-01,7.680000,7.680000
2025-04-02,7.610000,7.610000
2025-04-03,7.490000,7.490000
2025-04-04,7.180000,7.180000
2025-04-07,7.070000,7.070000
2025-04-08,7.130000,7.130000
2025-04-09,6.990000,6.990000
2025-04-10,7.030000,7.030000
2025-04-11,6.950000,6.950000
2025-04-14,6.810000,6.810000
2025-04-15,6.810000,6.810000
2025-04-16,7.340000,7.340000
2025-04-17,6.910000,6.910000
2025-04-21,6.870000,6.870000
2025-04-22,7.030000,7.030000
2025-04-23,7.190000,7.190000
2025-04-24,6.900000,6.900000
2025-04-25,6.890000,6.890000
2025-04-28,6.900000,6.900000
2025-04-29,7.070000,7.070000
2025-04-30,6.900000,6.900000
2025-05-01,7.070000,7.070000
2025-05-02,7.020000,7.020000
2025-05-05,7.010000,7.010000
2025-05-06,7.000000,7.000000
2025-05-07,6.880000,6.880000
2025-05-08,6.890000,6.890000
2025-05-09,7.000000,7.000000
2025-05-12,6.980000,6.980000
2025-05-13,6.990000,6.990000
2025-05-14,6.860000,6.860000
2025-05-15,6.970000,6.970000
2025-05-16,6.970000,6.970000
2025-05-19,7.010000,7.010000
2025-05-20,6.970000,6.970000
2025-05-21,6.940000,6.940000
2025-05-22,7.000000,7.000000
2025-05-23,7.050000,7.050000
2025-05-27,7.140000,7.140000
2025-05-28,7.060000,7.060000
2025-05-29,7.150000,7.150000
2025-05-30,7.110000,7.110000
2025-06-02,7.080000,7.080000
2025-06-03,7.100000,7.100000
2025-06-04,7.140000,7.140000
2025-06-05,7.160000,7.160000
2025-06-06,7.150000,7.150000
2025-06-09,7.210000,7.210000
2025-06-10,7.280000,7.280000
2025-06-11,7.210000,7.210000
2025-06-12,7.420000,7.420000
2025-06-13,7.750000,7.750000
2025-06-16,7.410000,7.410000
2025-06-17,7.740000,7.740000
2025-06-18,7.670000,7.670000
2025-06-20,7.860000,7.860000
2025-06-23,7.840000,7.840000
2025-06-24,7.680000,7.680000
2025-06-25,7.480000,7.480000
2025-06-26,8.000000,8.000000
2025-06-27,8.060000,8.060000
2025-06-30,7.790000,7.790000
2025-07-01,7.800000,7.800000
2025-07-02,8.010000,8.010000
2025-07-03,7.940000,7.940000
2025-07-07,8.010000,8.010000
2025-07-08,8.030000,8.030000
2025-07-09,8.040000,8.040000
2025-07-10,8.250000,8.250000
2025-07-11,7.840000,7.840000
2025-07-14,8.010000,8.010000
2025-07-15,8.050000,8.050000
2025-07-16,8.010000,8.010000
2025-07-17,8.010000,8.010000
2025-07-18,8.020000,8.020000
2025-07-21,8.220000,8.220000
2025-07-22,8.020000,8.020000
2025-07-23,8.170000,8.170000
2025-07-24,8.010000,8.010000
2025-07-25,8.060000,8.060000
2025-07-28,8.160000,8.160000
2025-07-29,8.150000,8.150000
2025-07-30,8.110000,8.110000
2025-07-31,8.280000,8.280000
2025-08-01,8.350000,8.350000
2025-08-04,8.620000,8.620000
2025-08-05,8.420000,8.420000
2025-08-06,8.370000,8.370000
2025-08-07,8.300000,8.300000
2025-08-08,8.400000,8.400000
2025-08-11,8.410000,8.410000
2025-08-12,8.550000,8.550000
2025-08-13,8.680000,8.680000
2025-08-14,8.790000,8.790000
2025-08-15,9.090000,9.090000
2025-08-18,9.020000,9.020000
2025-08-19,9.060000,9.060000
2025-08-20,9.190000,9.190000
2025-08-21,9.040000,9.040000
2025-08-22,9.270000,9.270000
2025-08-25,9.300000,9.300000
2025-08-26,9.350000,9.350000
2025-08-27,9.220000,9.220000
2025-08-28,9.220000,9.220000
2025-08-29,9.270000,9.270000
2025-09-02,9.350000,9.350000
2025-09-03,9.490000,9.490000
2025-09-04,9.450000,9.450000
2025-09-05,9.410000,9.410000
2025-09-08,9.490000,9.490000
2025-09-09,9.350000,9.350000
2025-09-10,9.250000,9.250000
2025-09-11,9.210000,9.210000
2025-09-12,9.220000,9.220000
2025-09-15,9.220000,9.220000
2025-09-16,9.200000,9.200000
2025-09-17,9.150000,9.150000
2025-09-18,9.250000,9.250000
2025-09-19,9.400000,9.400000
2025-09-22,9.340000,9.340000
2025-09-23,9.210000,9.210000
2025-09-24,9.200000,9.200000
2025-09-25,9.240000,9.240000
2025-09-26,9.000000,9.000000
2025-09-29,9.110000,9.110000
2025-09-30,9.100000,9.100000
2025-10-01,9.130000,9.130000
2025-10-02,9.150000,9.150000
2025-10-03,9.290000,9.290000
2025-10-06,9.240000,9.240000
2025-10-07,9.000000,9.000000
2025-10-08,9.050000,9.050000
2025-10-09,8.990000,8.990000
2025-10-10,9.000000,9.000000
2025-10-13,8.990000,8.990000
2025-10-14,9.000000,9.000000
2025-10-15,9.000000,9.000000
2025-10-16,8.810000,8.810000
2025-10-17,8.780000,8.780000
2025-10-20,8.660000,8.660000
2025-10-21,8.630000,8.630000
2025-10-22,8.600000,8.600000
2025-10-23,8.700000,8.700000
2025-10-24,8.780000,8.780000
2025-10-27,8.740000,8.740000
2025-10-28,8.550000,8.550000
2025-10-29,8.550000,8.550000
2025-10-30,8.700000,8.700000
2025-10-31,8.670000,8.670000
2025-11-03,8.670000,8.670000
2025-11-04,8.630000,8.630000
2025-11-06,8.550000,8.550000
2025-11-07,8.630000,8.630000
2025-11-10,8.370000,8.370000
2025-11-11,8.440000,8.440000
2025-11-12,8.400000,8.400000
2025-11-13,8.420000,8.420000
2025-11-14,8.360000,8.360000
2025-11-17,8.400000,8.400000
2025-11-18,8.390000,8.390000
2025-11-19,8.430000,8.430000
2025-11-20,8.260000,8.260000
2025-11-21,8.400000,8.400000
2025-11-24,8.500000,8.500000
2025-11-25,8.590000,8.590000
2025-11-26,8.400000,8.400000
2025-11-28,8.380000,8.380000
2025-12-01,8.470000,8.470000
2025-12-02,8.420000,8.420000
2025-12-03,8.350000,8.350000
2025-12-04,8.350000,8.350000
2025-12-05,8.290000,8.290000
2025-12-08,8.150000,8.150000
2025-12-09,8.180000,8.180000
2025-12-10,8.160000,8.160000
2025-12-11,8.200000,8.200000
2025-12-12,8.200000,8.200000
2025-12-15,8.150000,8.150000
2025-12-16,8.170000,8.170000
2025-12-17,8.200000,8.200000
2025-12-18,8.180000,8.180000
2025-12-19,8.200000,8.200000
2025-12-22,8.200000,8.200000
2025-12-23,8.290000,8.290000
2025-12-24,8.400000,8.400000
2025-12-26,8.480000,8.480000
2025-12-29,8.490000,8.490000
2025-12-30,8.450000,8.450000
2025-12-31,8.450000,8.450000
2026-01-02,8.630000,8.630000
2026-01-05,8.520000,8.520000
2026-01-06,8.520000,8.520000
2026-01-07,8.630000,8.630000
2026-01-08,8.440000,8.440000
2026-01-09,8.640000,8.640000
2026-01-12,8.400000,8.400000
2026-01-13,8.400000,8.400000
2026-01-14,8.470000,8.470000
2026-01-15,8.530000,8.530000
2026-01-16,8.620000,8.620000
2026-01-20,8.420000,8.420000
2026-01-21,8.430000,8.430000
2026-01-22,8.540000,8.540000
2026-01-23,8.400000,8.400000
2026-01-26,8.620000,8.620000
2026-01-27,8.620000,8.620000
2026-01-28,8.540000,8.540000
2026-01-29,8.510000,8.510000
2026-01-30,8.450000,8.450000
2026-02-02,8.540000,8.540000
2026-02-03,8.600000,8.600000
2026-02-04,8.500000,8.500000
2026-02-05,8.450000,8.450000
2026-02-06,8.450000,8.450000
2026-02-09,8.570000,8.570000
2026-02-10,8.480000,8.480000
2026-02-11,8.540000,8.540000
2026-02-12,8.450000,8.450000
2026-02-13,8.450000,8.450000
2026-02-17,8.600000,8.600000
2026-02-18,8.540000,8.540000
2026-02-19,8.400000,8.400000
2026-02-20,8.560000,8.560000
2026-02-23,8.410000,8.410000
2026-02-24,8.450000,8.450000
2026-02-25,8.420000,8.420000
2026-02-26,8.540000,8.540000
2026-02-27,8.490000,8.490000
2026-03-02,8.410000,8.410000
2026-03-03,8.310000,8.310000
2026-03-04,8.300000,8.300000
2026-03-05,8.380000,8.380000
2026-03-06,8.290000,8.290000
2026-03-09,8.460000,8.460000
2026-03-10,8.430000,8.430000
2026-03-11,8.330000,8.330000
2026-03-12,8.330000,8.330000
2026-03-13,8.320000,8.320000
2026-03-16,8.310000,8.310000
2026-03-17,8.230000,8.230000
2026-03-18,8.150000,8.150000
2026-03-19,8.200000,8.200000
2026-03-20,8.220000,8.220000
2026-03-23,8.380000,8.380000
2026-03-24,8.310000,8.310000
2026-03-25,8.370000,8.370000
2026-03-26,8.300000,8.300000
2026-03-27,8.250000,8.250000
2026-03-30,8.340000,8.340000
2026-03-31,8.500000,8.500000
2026-04-01,8.750000,8.750000
2026-04-02,8.750000,8.750000
2026-04-06,8.710000,8.710000
2026-04-08,8.650000,8.650000
2026-04-09,8.540000,8.540000
2026-04-10,8.560000,8.560000
2026-04-13,8.520000,8.520000
2026-04-14,8.500000,8.500000
2026-04-15,8.560000,8.560000
2026-04-16,8.560000,8.560000
2026-04-17,8.550000,8.550000
2026-04-20,8.530000,8.530000
2026-04-21,8.400000,8.400000
2026-04-22,8.450000,8.450000
2026-04-23,8.480000,8.480000
2026-04-24,8.420000,8.420000
2026-04-27,8.450000,8.450000
2026-04-28,8.410000,8.410000
2026-04-29,8.350000,8.350000
2026-04-30,8.260000,8.260000
2026-05-01,8.510000,8.510000
2026-05-04,8.210000,8.210000
2026-05-05,8.400000,8.400000
2026-05-06,8.390000,8.390000
2026-05-07,8.550000,8.550000
2026-05-08,8.510000,8.510000
2026-05-11,8.470000,8.470000
2026-05-12,8.550000,8.550000
2026-05-13,8.480000,8.480000
2026-05-14,8.570000,8.570000
2026-05-15,8.500000,8.500000
2026-05-18,8.430000,8.430000
2026-05-19,8.400000,8.400000
2026-05-20,8.470000,8.470000
2026-05-21,8.500000,8.500000
2026-05-22,8.400000,8.400000
2026-05-26,8.420000,8.420000
2026-05-27,8.410000,8.410000
2026-05-28,8.410000,8.410000
2026-05-29,8.400000,8.400000
2026-06-01,8.560000,8.560000
2026-06-02,9.060000,9.060000
2026-06-03,8.990000,8.990000
2026-06-04,8.910000,8.910000
2026-06-05,8.930000,8.930000
2026-06-08,8.970000,8.970000
2026-06-09,8.950000,8.950000
2026-06-10,8.910000,8.910000
2026-06-11,9.060000,9.060000
2026-06-12,9.050000,9.050000
2026-06-15,9.030000,9.030000
2026-06-16,9.110000,9.110000
2026-06-17,9.080000,9.080000
2026-06-18,8.990000,8.990000
2026-06-22,9.130000,9.130000
2026-06-23,9.130000,9.130000
2026-06-24,9.130000,9.130000
2026-06-25,9.080000,9.080000
2026-06-26,9.140000,9.140000
2026-06-29,9.140000,9.140000
2026-06-30,9.030000,9.030000
2026-07-01,9.100000,9.100000
2026-07-02,9.060000,9.060000
2026-07-06,9.030000,9.030000
2026-07-07,9.030000,9.030000
2026-07-08,9.030000,9.030000
2026-07-09,9.030000,9.030000
2026-07-10,9.040000,9.040000
2026-07-13,9.030000,9.030000
2026-07-14,9.030000,9.030000
2026-07-15,9.030000,9.030000
2026-07-16,8.980000,8.980000
2026-07-17,9.020000,9.020000
2026-07-20,9.050000,9.050000
2026-07-21,8.910000,8.910000
2026-07-22,9.050000,9.050000
2026-07-23,8.930000,8.930000
2026-07-24,9.040000,9.040000
2026-07-27,8.950000,8.950000
2026-07-28,8.990000,8.990000
2026-07-29,8.860000,8.860000
2026-07-30,9.040000,9.040000
2026-07-31,9.050000,9.050000
2026-08-03,9.080000,9.080000
2026-08-04,9.000000,9.000000
2026-08-05,8.940000,8.940000
2026-08-06,8.930000,8.930000
2026-08-07,8.950000,8.950000
2026-08-10,9.010000,9.010000
2026-08-11,8.970000,8.970000
2026-08-12,9.090000,9.090000
2026-08-13,9.080000,9.080000
2026-08-14,9.080000,9.080000
2026-08-17,9.260000,9.260000
